Position,Company,Location,URL
Python Backend Engineer의 전체 세부 정보,마인드에이아이,서울 중구,https://kr.indeed.com/rc/clk?jk=b2fc2142a72a2007&fccid=dd616958bd9ddc12&vjs=3
PYTHON / SQLD 개발자 (신입·경력)의 전체 세부 정보,칸테크,서울 금천구,https://kr.indeed.com/rc/clk?jk=7d40807ebfe3194a&fccid=40a33a8b063b3055&vjs=3
2023년 경력사원의 전체 세부 정보,어플라이드 머티리얼즈 코리아,성남 분당구,https://kr.indeed.com/rc/clk?jk=3554cf807a8ef9d3&fccid=5ac8c65e1fc289af&vjs=3
[양재역] 데이터분석(석박사급 R Python Matlab)의 전체 세부 정보,시니어앤파트너즈,서울 서초구,https://kr.indeed.com/rc/clk?jk=9fc0214bdc6f22d1&fccid=59060ddcdf96b101&vjs=3
Python 분석 인원 정규직 채용의 전체 세부 정보,(주)스마트모빌러티 관심기업,서울 휘경동,https://kr.indeed.com/rc/clk?jk=5e761f105a377ae8&fccid=307824036b9dcb17&vjs=3
[올라핀테크] 핀테크 플랫폼 Python(파이썬) 개발자의 전체 세부 정보,주식회사 올라핀테크 관심기업,서울 논현동,https://kr.indeed.com/rc/clk?jk=83afc0063130f3f2&fccid=ee9199e84b45d22f&vjs=3
HPC Engineer의 전체 세부 정보,Altair Engineering,경기도 성남,https://kr.indeed.com/rc/clk?jk=a6f8903bbc519af6&fccid=3453268f43beb582&vjs=3
[디지털일자리매칭플랫폼]2023년 IT개발자의 전체 세부 정보,㈜이투마스,서울 강서구,https://kr.indeed.com/rc/clk?jk=ff9b9099c9b29fb7&fccid=8d8438b084abbbcf&vjs=3
Engineering Internship in Sweden!의 전체 세부 정보,Iknal Semikan,서울,https://kr.indeed.com/rc/clk?jk=4523b460e6bc132f&fccid=1c1f99bc5683e9f2&vjs=3
각 부문별의 전체 세부 정보,두나무,서울 강남구,https://kr.indeed.com/rc/clk?jk=cc26588019a45caa&fccid=6723a9d496e46445&vjs=3
기술 인턴 인공지능 응용 연구/개발 인턴의 전체 세부 정보,써로마인드로보틱스,서울 관악구,https://kr.indeed.com/rc/clk?jk=71c47ac87bb4087e&fccid=230e414668234579&vjs=3
Software Engineer - Python and K8s의 전체 세부 정보,Canonical - Jobs,서울,https://kr.indeed.com/rc/clk?jk=9e154b5b00d09b31&fccid=3911cf63fc0692f4&vjs=3
Javascript  Python 교과목 담당 훈련교사(시간)의 전체 세부 정보,한국디지털직업전문학교,대구 동구,https://kr.indeed.com/rc/clk?jk=f42102bc3133b7f6&fccid=778d6c36156a735f&vjs=3
[송파구] 데이터분석(Python R 모델 ML)의 전체 세부 정보,시니어앤파트너즈,서울 송파구,https://kr.indeed.com/rc/clk?jk=6b621f682e1d8dad&fccid=59060ddcdf96b101&vjs=3
Back-End Engineer의 전체 세부 정보,BOEING,서울,https://kr.indeed.com/rc/clk?jk=3a4cd9bd2a5974ad&fccid=edae4285faf6c2f0&vjs=3
[인텔리전스랩스] 플랫폼쉴드팀 백엔드 개발자 (Python/Go)의 전체 세부 정보,Nexon,경기도 성남,https://kr.indeed.com/rc/clk?jk=2aed57f3623fe66b&fccid=aba87288e4cc3687&vjs=3
라인프렌즈[IPX] 2022년 각 부문 수시의 전체 세부 정보,IPX,서울 용산구,https://kr.indeed.com/rc/clk?jk=1015284880e2ff62&fccid=e6548a8408f0612b&vjs=3
솔루션 전략 인턴의 전체 세부 정보,야놀자,서울 강남구,https://kr.indeed.com/rc/clk?jk=43db98643a2bec3c&fccid=73fe623ec23ed0a5&vjs=3
2023년 상반기 백엔드 개발자의 전체 세부 정보,반달소프트,성남 분당구,https://kr.indeed.com/rc/clk?jk=1601f1bfe3302af5&fccid=f35f7fc5e918087a&vjs=3
Junior Data Scientist의 전체 세부 정보,Logistics Management Institute,서울,https://kr.indeed.com/rc/clk?jk=ffcab40699b79c6b&fccid=12626f295bf6a003&vjs=3
[인텔리전스랩스] MLOps팀 백엔드 개발자 (Python/Go)의 전체 세부 정보,Nexon,경기도 성남,https://kr.indeed.com/rc/clk?jk=3dfd7829503d20e6&fccid=aba87288e4cc3687&vjs=3
상시지원 (AI & ML Engineer)의 전체 세부 정보,Riiid Labs,서울,https://kr.indeed.com/rc/clk?jk=14a95a5daad2295e&fccid=933989f3b0ffe928&vjs=3
데이터분석 신입/경력 정규직의 전체 세부 정보,블록스퀘어서울,서울 서초구,https://kr.indeed.com/rc/clk?jk=88960e11c2cdd682&fccid=72348558bd9456ba&vjs=3
[무료교육] 23년 방위산업 전문인력 양성사업 교육생의 전체 세부 정보,금오공과대학교산학협력단,경상북도,https://kr.indeed.com/rc/clk?jk=41e67870d83c25c0&fccid=1834b826401e8f0c&vjs=3
[DB하이텍] Fab QA(Python/R 기반 ML) 신입사원의 전체 세부 정보,DB하이텍,충청북도 음성,https://kr.indeed.com/rc/clk?jk=d49425c23ff7d337&fccid=eea775a7968b4a3d&vjs=3
그룹사시스템 데이터 분석가(Data Analyst) 인재의 전체 세부 정보,신세계아이앤씨,서울 중구,https://kr.indeed.com/rc/clk?jk=128876f3121e7205&fccid=7009e9adee12ff99&vjs=3
인공지능(AI)  머신러닝 신입/경력의 전체 세부 정보,에스씨에스엠,세종특별자치시 세종,https://kr.indeed.com/rc/clk?jk=dbf00a893326d4d0&fccid=c1d2112ca5c9e033&vjs=3
AI 비전 엔지니어 부문 인재의 전체 세부 정보,신세계아이앤씨,서울 중구,https://kr.indeed.com/rc/clk?jk=2a9808b8b73bb3b2&fccid=7009e9adee12ff99&vjs=3
Machine Learning Engineer Intern - Korea의 전체 세부 정보,MOLOCO,서울,https://kr.indeed.com/rc/clk?jk=69d3cc2cca262747&fccid=6588d205440cdcb9&vjs=3
그룹공동 마이데이터 분석 플랫폼(데이터분석가)의 전체 세부 정보,KB데이타시스템,서울 마포구,https://kr.indeed.com/rc/clk?jk=25b3c3e6a66bd77c&fccid=fe227fbd2afb9580&vjs=3
2023년 상시 [신입/경력] 개발자 중의 전체 세부 정보,사이냅소프트,서울 강서구,https://kr.indeed.com/rc/clk?jk=5939f1161708ca93&fccid=0673ca84bc014599&vjs=3
백엔드 개발자(인턴십)의 전체 세부 정보,액스,서울 서초구,https://kr.indeed.com/rc/clk?jk=b7223c792bfcbcd4&fccid=5013eca338141e7d&vjs=3
Technical Writer의 전체 세부 정보,마인드에이아이,서울 중구,https://kr.indeed.com/rc/clk?jk=4b084114ac0b222c&fccid=dd616958bd9ddc12&vjs=3
데이터마이닝  인공지능(AI) 외 경력의 전체 세부 정보,루벤티스,서울 강남구,https://kr.indeed.com/rc/clk?jk=da437cb9cae31254&fccid=0513ee429c38f237&vjs=3
파이썬(python) 백엔드 개발자 (전문연구요원 가능)의 전체 세부 정보,아토머스,서울 강남구,https://kr.indeed.com/rc/clk?jk=240326a26bd13bf2&fccid=660bbb21789ab63d&vjs=3
23년 4월 비상교육 IT직무 수시채용(신입)의 전체 세부 정보,비상교육,대한민국,https://kr.indeed.com/rc/clk?jk=9278bc39e837853b&fccid=b787a1d701399504&vjs=3
딥러닝 AI 개발 연구원의 전체 세부 정보,베이리스,성남 수정구,https://kr.indeed.com/rc/clk?jk=87309d3ff40ead61&fccid=ce871e9e4a9f430a&vjs=3
[리빌더AI] 생성AI 개발자의 전체 세부 정보,리빌더에이아이,서울 서초구,https://kr.indeed.com/rc/clk?jk=e20399bf22bd8719&fccid=7b01cc3bad5410f7&vjs=3
[크라우드웍스] 머신러닝(ML) 엔지니어의 전체 세부 정보,크라우드웍스,서울 강남구,https://kr.indeed.com/rc/clk?jk=8e165ab93b40c6e9&fccid=a4d8989a0ef28313&vjs=3
2023년 DIgital Lab 전문계약직 상시의 전체 세부 정보,GS칼텍스,서울 강남구,https://kr.indeed.com/rc/clk?jk=2e45e43017a6ea1f&fccid=f152288f3dcf6e51&vjs=3
2022년 상반기 주식회사 쏘마 전 개발 직군 (백엔드  프론트엔드 외 신입/경력 정규직)의 전체 세부 정보,쏘마,성남 분당구,https://kr.indeed.com/rc/clk?jk=13ef6f86810c0843&fccid=a3463f311ce6421e&vjs=3
전문연구요원 (병역특례) 수시 (AI / SW 분야)의 전체 세부 정보,딥엑스,성남 분당구,https://kr.indeed.com/rc/clk?jk=d83fc0dd2641f483&fccid=e34932b8232a173b&vjs=3
[SPC그룹] 2023년 섹타나인 상반기 각 부문 신입 /경력의 전체 세부 정보,섹타나인,서울 서초구,https://kr.indeed.com/rc/clk?jk=d30c57bf5d28edb3&fccid=68e05d2f056f462c&vjs=3
SW Engineer Intern의 전체 세부 정보,INTEL,서울,https://kr.indeed.com/rc/clk?jk=87862422e27c1249&fccid=936367796261bd6e&vjs=3
Distributor Management (1-year fixed)의 전체 세부 정보,BD,서울,https://kr.indeed.com/rc/clk?jk=1c473e074f48f78f&fccid=f33adcecbae03a00&vjs=3
Quantitative Researcher의 전체 세부 정보,WorldQuant,서울,https://kr.indeed.com/rc/clk?jk=e7e8586d716fcf24&fccid=08487f979320ebae&vjs=3
파이썬 개발자 초중급 이상의 전체 세부 정보,데이터앤솔루션,서울 서초구,https://kr.indeed.com/rc/clk?jk=d158e683dc0b7500&fccid=02f32b94107c54e3&vjs=3
[데브시스터즈] Data Analyst의 전체 세부 정보,데브시스터즈,서울 강남구,https://kr.indeed.com/rc/clk?jk=6b53335986238646&fccid=58a9a803698a0afd&vjs=3
Software Engineer-Phantom Works Global의 전체 세부 정보,BOEING,서울,https://kr.indeed.com/rc/clk?jk=213568b10ee681f0&fccid=edae4285faf6c2f0&vjs=3
데이터플랫폼 엔지니어의 전체 세부 정보,케이뱅크,서울 중구,https://kr.indeed.com/rc/clk?jk=d2704e137639601a&fccid=5f01cd3935e7f733&vjs=3
AI 연구개발자 전문연구요원(병역특례)의 전체 세부 정보,라이트비전,서울 성동구,https://kr.indeed.com/rc/clk?jk=7d776ed0de756646&fccid=e391d8e930358bac&vjs=3
Python Engineer - Data Center Hardware Integration (Taipei)의 전체 세부 정보,Canonical - Jobs,서울,https://kr.indeed.com/rc/clk?jk=1f100b76e291bde2&fccid=3911cf63fc0692f4&vjs=3
Data Scientist  Growth Analytics Intern - Korea의 전체 세부 정보,MOLOCO,서울,https://kr.indeed.com/rc/clk?jk=3d0e22b9756facb8&fccid=6588d205440cdcb9&vjs=3
웹개발  백엔드 외 신입/경력 정규직의 전체 세부 정보,코인챗,서울 강남구,https://kr.indeed.com/rc/clk?jk=e3f3b7e2103d9bc7&fccid=e60f835b4d91f8e6&vjs=3
신입/경력 채용[IT본부]의 전체 세부 정보,KIS채권평가,서울 여의도,https://kr.indeed.com/rc/clk?jk=87436ff6b52295cc&fccid=c54b7952dd9d6d70&vjs=3
[데브시스터즈] DevOps Engineer (신입)의 전체 세부 정보,데브시스터즈,서울 강남구,https://kr.indeed.com/rc/clk?jk=3058f7280a2e6644&fccid=58a9a803698a0afd&vjs=3
[외국계 IT] SAP 장기 인턴십 대규모 (개발 직군  영업  기술영업  컨설팅 외 다양한 직군)의 전체 세부 정보,에스에이피코리아,서울 강남구,https://kr.indeed.com/rc/clk?jk=a60bb9e781b499a4&fccid=d0e6514bf9b6e416&vjs=3
[로민] 백엔드(Back-end) 개발자의 전체 세부 정보,로민,서울 서초구,https://kr.indeed.com/rc/clk?jk=0c562829bc5f8209&fccid=0d0806ee63249f1f&vjs=3
Vocational Training Program Intern (Research&Innovation) - 2024/2025 Graduates Korea (VT/STAR)의 전체 세부 정보,SAP,서울,https://kr.indeed.com/rc/clk?jk=d85c05c75b01259a&fccid=156c7820d1988640&vjs=3
Customer Engineer  Data Analytics  Google Cloud의 전체 세부 정보,구글코리아,서울 강남구,https://kr.indeed.com/rc/clk?jk=9e754c9e5723e6a9&fccid=28712efe9a7c8d8a&vjs=3
Data Platform Engineer의 전체 세부 정보,LINE Plus corporation,대한민국,https://kr.indeed.com/rc/clk?jk=14a8e6a6454b03c5&fccid=e90e80bc9ed9a53f&vjs=3
Data Scientist의 전체 세부 정보,Toss,서울,https://kr.indeed.com/rc/clk?jk=9cb8324539546a71&fccid=18c4935c8ec646d5&vjs=3
[한국휴렛팩커드] Dertermined AI - Developer Support Engineer (부장급)의 전체 세부 정보,한국휴렛팩커드 유한회사,서울 영등포구,https://kr.indeed.com/rc/clk?jk=d97f26ba94db676b&fccid=453a1d72c82baf2d&vjs=3
Rack Decom Datatech의 전체 세부 정보,Amzn Corporate Services Korea,서울,https://kr.indeed.com/rc/clk?jk=75f0b4f7525c6282&fccid=fe2d21eef233e94a&vjs=3
[선릉역] 서버개발 백엔드(앱 웹 AWS Python)의 전체 세부 정보,시니어앤파트너즈,서울 강남구,https://kr.indeed.com/rc/clk?jk=657fdbafe1d9e907&fccid=59060ddcdf96b101&vjs=3
Ontologist의 전체 세부 정보,마인드에이아이,서울 중구,https://kr.indeed.com/rc/clk?jk=3f7b6a1f339db2fc&fccid=dd616958bd9ddc12&vjs=3
[크라우드웍스] NLP 엔지니어의 전체 세부 정보,크라우드웍스,서울 강남구,https://kr.indeed.com/rc/clk?jk=329e2b0216072240&fccid=a4d8989a0ef28313&vjs=3
[2023 전문연구요원] AI R&D-Language AI의 전체 세부 정보,엔씨소프트,성남 판교역,https://kr.indeed.com/rc/clk?jk=7da87f6985949b06&fccid=a1e4e21b1f33cf40&vjs=3
MLOps Engineer의 전체 세부 정보,비바리퍼블리카,서울 강남구,https://kr.indeed.com/rc/clk?jk=24acbad36d821c25&fccid=17dc934b27d58446&vjs=3
[SAPEON Korea] Frontend Compiler Engineer의 전체 세부 정보,사피온코리아,성남 분당구,https://kr.indeed.com/rc/clk?jk=492c2c68fe94ab82&fccid=3e45ffdcf8435b2d&vjs=3
경력 채용 [IT본부]의 전체 세부 정보,KIS채권평가,서울 여의도,https://kr.indeed.com/rc/clk?jk=a0de72273daee249&fccid=c54b7952dd9d6d70&vjs=3
Associate Customer Engineer  Data Analytics  Google Cloud  gReach Program for People with Disabilities (장애인 채용)의 전체 세부 정보,Google,서울,https://kr.indeed.com/rc/clk?jk=1c352a43e087ad61&fccid=a5b4499d9e91a5c6&vjs=3
Software Engineer (Virtualization)의 전체 세부 정보,BOEING,서울,https://kr.indeed.com/rc/clk?jk=1f3b719ddc7dc0a3&fccid=edae4285faf6c2f0&vjs=3
Data Scientist in Financial의 전체 세부 정보,페니로이스,서울 종로구,https://kr.indeed.com/rc/clk?jk=8384fbc0b8152ec6&fccid=071ef5e261747b4b&vjs=3
[Engineering Div.] Data Analyst (경력 무관)의 전체 세부 정보,크래프톤,서울 강남구,https://kr.indeed.com/rc/clk?jk=eb879964b0336467&fccid=0aeb279b74dee723&vjs=3
Python 기반의 RPA 개발자의 전체 세부 정보,퍼즐시스템즈,서울 영등포구,https://kr.indeed.com/rc/clk?jk=62f51e8fc0c5dd13&fccid=594f27abe353fd79&vjs=3
Basic Software Developer의 전체 세부 정보,Vitesco Technologies Group AG,대한민국,https://kr.indeed.com/rc/clk?jk=5f89391bed4592a2&fccid=ba5886a360bb24d7&vjs=3
Product Analyst (제품분석경험팀)의 전체 세부 정보,무신사,서울 성동구,https://kr.indeed.com/rc/clk?jk=bf2320f2ad1232a9&fccid=a21230b40394711d&vjs=3
2023년 디케이소프트 신입/경력 사원의 전체 세부 정보,디케이소프트,부산 기장군,https://kr.indeed.com/rc/clk?jk=ef1365d02f70a19e&fccid=060e4ce369ec1fea&vjs=3
Advanced Support Engineer / Database & Cloud의 전체 세부 정보,Oracle,서울,https://kr.indeed.com/rc/clk?jk=001682a211420998&fccid=cd22d01053af7669&vjs=3
Data & Reporting Analyst의 전체 세부 정보,AIA,서울,https://kr.indeed.com/rc/clk?jk=f15d2672714490bf&fccid=004041685e219574&vjs=3
GAMMA Data Scientist의 전체 세부 정보,Boston Consulting Group,서울,https://kr.indeed.com/rc/clk?jk=454b092c4e6301f5&fccid=b95f9eb47968fa13&vjs=3
금융계열사 그룹웨어 운영/개발 경력의 전체 세부 정보,한화시스템,서울 영등포구,https://kr.indeed.com/rc/clk?jk=0d9b8a4cf8742e97&fccid=46ba4635611e86ea&vjs=3
[인텔리전스랩스] 데이터 분석가 (유저 모델링)의 전체 세부 정보,Nexon,경기도 성남,https://kr.indeed.com/rc/clk?jk=a90afa858017fb31&fccid=aba87288e4cc3687&vjs=3
Research Scientist의 전체 세부 정보,Riiid Labs,서울,https://kr.indeed.com/rc/clk?jk=a70952f8f7bca87a&fccid=933989f3b0ffe928&vjs=3
Cloud Support Engineer - Storage & CDN의 전체 세부 정보,Amazon Web Services Korea LLC,서울,https://kr.indeed.com/rc/clk?jk=5d5c5c3b45d4fbfe&fccid=fe2d21eef233e94a&vjs=3
Customer Engineer  Data Analytics  Google Cloud의 전체 세부 정보,Google,서울,https://kr.indeed.com/rc/clk?jk=6a6226526d9482cc&fccid=a5b4499d9e91a5c6&vjs=3
Machine Learning Engineer의 전체 세부 정보,Riiid Labs,서울,https://kr.indeed.com/rc/clk?jk=1dd8153410d29b15&fccid=933989f3b0ffe928&vjs=3
개발자 - Python 서버 프로그램 개발의 전체 세부 정보,바인테크,서울 송파구,https://kr.indeed.com/rc/clk?jk=4cc15c26097421c5&fccid=aef44811e748bebe&vjs=3
웹개발  프론트엔드 신입/경력 계약직의 전체 세부 정보,뮤레파코리아,성남 수정구,https://kr.indeed.com/rc/clk?jk=f498a784c28d03bb&fccid=5fc71e9cbda0dfc6&vjs=3
2023년 한화시스템 석/박사 신입 및 경력 채용 (HW분야)의 전체 세부 정보,한화그룹,서울,https://kr.indeed.com/rc/clk?jk=d8cf122f84bddf8e&fccid=bd0dc1817223394f&vjs=3
LINE Messaging Server Engineer의 전체 세부 정보,LINE Plus corporation,대한민국,https://kr.indeed.com/rc/clk?jk=c3f58be0b4504f23&fccid=e90e80bc9ed9a53f&vjs=3
AI 개발 실무교육 및 취업과정 교육생 (수료 후 인턴십  정규직전환)의 전체 세부 정보,한국인공지능협회,서울,https://kr.indeed.com/rc/clk?jk=32e28f453e600371&fccid=b5fc950b5542ca9f&vjs=3
Computational Linguist의 전체 세부 정보,마인드에이아이,서울 중구,https://kr.indeed.com/rc/clk?jk=946579968c0039a8&fccid=dd616958bd9ddc12&vjs=3
[경력] Database 관리 경력사원 모집의 전체 세부 정보,교보문고,대한민국,https://kr.indeed.com/rc/clk?jk=50f7868b3de82533&fccid=5ee9681e0c7c297b&vjs=3
Network Operations Engineer의 전체 세부 정보,Harman International,서울,https://kr.indeed.com/rc/clk?jk=9ad578b2614d8501&fccid=4faf342d2307e9ed&vjs=3
AI 연구 MLOps의 전체 세부 정보,코그넷나인,서울 서초구,https://kr.indeed.com/rc/clk?jk=36ae5f764253d121&fccid=015d2bad6d9df969&vjs=3
Staff Field Applications Engineer의 전체 세부 정보,Dolby,서울,https://kr.indeed.com/rc/clk?jk=3ee22cd3176712c9&fccid=5dd80d97ea739284&vjs=3
Deep Learning Engineer의 전체 세부 정보,뷰런테크놀로지,서울 서초구,https://kr.indeed.com/rc/clk?jk=a29c229f6b2fc651&fccid=98608656606c0861&vjs=3
백엔드개발자  모바일앱 개발자  블록체인 개발자 신입의 전체 세부 정보,와이즈텍,서울 용산구,https://kr.indeed.com/rc/clk?jk=52049395e06b34cb&fccid=8b01882cef0e8002&vjs=3
Python 서버 어플리케이션 개발자의 전체 세부 정보,바인테크,서울 송파구,https://kr.indeed.com/rc/clk?jk=8a7c4886df34e482&fccid=aef44811e748bebe&vjs=3
딥러닝 알고리즘 및 응용 Engineer의 전체 세부 정보,딥엑스,성남 분당구,https://kr.indeed.com/rc/clk?jk=35f0a25dee5f3312&fccid=e34932b8232a173b&vjs=3
게임 데이터 서비스/플랫폼 개발의 전체 세부 정보,NHN,성남 판교역,https://kr.indeed.com/rc/clk?jk=028f37ec9f6509a9&fccid=cc378bd7bc831eca&vjs=3
Data Engineer의 전체 세부 정보,Dupont,충청남도 천안,https://kr.indeed.com/rc/clk?jk=e6ffebd1e33b703d&fccid=76bce720eab9a7b0&vjs=3
[AI/LAB] 머신러닝 리서치 엔지니어 (전문연구요원 가능)의 전체 세부 정보,버즈니,서울,https://kr.indeed.com/rc/clk?jk=0a95c840f82cb01e&fccid=d18b6eed9577092f&vjs=3
이공지능(AI) / 딥러닝 / Computer Vision 경력자 정규직의 전체 세부 정보,더블미,서울 서초구,https://kr.indeed.com/rc/clk?jk=bc5131eb1f2981cb&fccid=d7e01b6267e5ba2d&vjs=3
인공지능(AI)  머신러닝(ML) 외 경력의 전체 세부 정보,쉬모스랩,서울 강남구,https://kr.indeed.com/rc/clk?jk=6dab9c1fdc2c4374&fccid=b48377719ace2e16&vjs=3
Sales Engineering Intern (GSS_APAC)의 전체 세부 정보,Splunk,서울,https://kr.indeed.com/rc/clk?jk=467c73edc2e9e8f2&fccid=aef928e89977f7f0&vjs=3
[전문연구요원] 의료영상 리서치 엔지니어 정규직의 전체 세부 정보,메디픽셀,서울 마포구,https://kr.indeed.com/rc/clk?jk=3544467a7b64376f&fccid=aba88c202493b8a5&vjs=3
[11번가] 빅데이터 엔지니어 분야의 전체 세부 정보,십일번가,서울 중구,https://kr.indeed.com/rc/clk?jk=8e8c232a10279f53&fccid=54911ff2dce6c429&vjs=3
SQL  Python 기반 Data Engineer(경력직) 채용의 전체 세부 정보,파인트리파트너스 주식회사 관심기업,서울 도화동,https://kr.indeed.com/rc/clk?jk=1720b452301b54aa&fccid=4c458be029af0a85&vjs=3
Database 관리 신입사원 모집의 전체 세부 정보,교보문고,대한민국,https://kr.indeed.com/rc/clk?jk=f5679f65fed63971&fccid=5ee9681e0c7c297b&vjs=3
[메가존클라우드] Data Engineer의 전체 세부 정보,메가존,서울 강남구,https://kr.indeed.com/rc/clk?jk=6f03789f205b2f09&fccid=2dc90700b4a1d18d&vjs=3
Conversational AI Implementation Engineer의 전체 세부 정보,마인드에이아이,서울 중구,https://kr.indeed.com/rc/clk?jk=ad6564786cb10cbd&fccid=6e36b32060404d12&vjs=3
실내배송로봇개발 전문연/신입/경력직의 전체 세부 정보,로보티즈,서울 강서구,https://kr.indeed.com/rc/clk?jk=d0afcb129f72f527&fccid=3f656eb87b759ea2&vjs=3
각 부문별 신입/경력의 전체 세부 정보,KIS자산평가,대한민국,https://kr.indeed.com/rc/clk?jk=b3f0a340ebee2b6a&fccid=90d5e85f0669b30a&vjs=3
DNN 모델 개발 엔지니어의 전체 세부 정보,딥엑스,성남 분당구,https://kr.indeed.com/rc/clk?jk=303d8c644a5f2e0f&fccid=e34932b8232a173b&vjs=3
Customer Solutions  Global Client and Agency Solutions의 전체 세부 정보,구글코리아,서울 강남구,https://kr.indeed.com/rc/clk?jk=8146b468010982e3&fccid=28712efe9a7c8d8a&vjs=3
8퍼센트 개발자 (신입/경력)의 전체 세부 정보,8퍼센트,서울 종로구,https://kr.indeed.com/rc/clk?jk=8af26b37623864c4&fccid=ac216a9ae7b75c06&vjs=3
Machine Learning R&D 연구원의 전체 세부 정보,카이어,서울 서초구,https://kr.indeed.com/rc/clk?jk=19da3484bd7a72f1&fccid=908ef26c4dd7595f&vjs=3
Perception Engineer의 전체 세부 정보,뷰런테크놀로지,서울 서초구,https://kr.indeed.com/rc/clk?jk=2a19716df6d54971&fccid=98608656606c0861&vjs=3
PHP  JAVA 신입/경력 정규직의 전체 세부 정보,한국전자입찰연구소,서울 구로구,https://kr.indeed.com/rc/clk?jk=2e5ee2f92bdc2aa4&fccid=94f137e7b4a9137b&vjs=3
JR0192526 SW engineer intern의 전체 세부 정보,인텔코리아,서울,https://kr.indeed.com/rc/clk?jk=83f4939522ffaa68&fccid=ded06d6a6799d929&vjs=3
웹개발자 백엔드&서버개발(HTML·DHTML·mHTML  JAVA 외) 신입/경력 정규직의 전체 세부 정보,블록스퀘어서울,서울 서초구,https://kr.indeed.com/rc/clk?jk=1eeb4f006adf13ba&fccid=72348558bd9456ba&vjs=3
영상처리  컴퓨터 비전 전문가 (신입/경력)의 전체 세부 정보,에바,성남 수정구,https://kr.indeed.com/rc/clk?jk=2642a83874ea6bab&fccid=5cc87f5890bd7170&vjs=3
2023년 한화시스템 석/박사 신입 및 경력 채용 (SW분야)의 전체 세부 정보,한화그룹,서울,https://kr.indeed.com/rc/clk?jk=540ce8adcf30a84b&fccid=bd0dc1817223394f&vjs=3
신입/경력 채용 공고[금융컨설팅본부]의 전체 세부 정보,KIS채권평가,서울 여의도,https://kr.indeed.com/rc/clk?jk=c22e230957b5dbea&fccid=c54b7952dd9d6d70&vjs=3
High Touch Engineer (Full Time) - Korea의 전체 세부 정보,Cisco Systems,서울,https://kr.indeed.com/rc/clk?jk=c700706bc678eeed&fccid=dfc44f3b8c44a6db&vjs=3
(인천 송도) 인공지능(AI)분야 Python 개발 인력 구인의 전체 세부 정보,주식회사 애나 관심기업,인천 송도동,https://kr.indeed.com/rc/clk?jk=c0fb9320f68bb3e7&fccid=2f6f10515ebbc33c&vjs=3
IBK연금보험 투자기획·퇴직연금·리스크관리·IT개발 부문 신입사원 공개 (접수기간 : 4.12~4.26)의 전체 세부 정보,아이비케이연금보험,서울 중구,https://kr.indeed.com/rc/clk?jk=5421b0cd294f3ce6&fccid=3a353a6e36b1eee2&vjs=3
Developer의 전체 세부 정보,SAP,서울,https://kr.indeed.com/rc/clk?jk=99b85d3472bd0248&fccid=156c7820d1988640&vjs=3
(주)싸이버로지텍 2023년 신입 및 경력의 전체 세부 정보,싸이버로지텍,서울 마포구,https://kr.indeed.com/rc/clk?jk=775e7a6f8479f9c3&fccid=1f4120f273ef26f4&vjs=3
Research Scientist (Vision)의 전체 세부 정보,Riiid Labs,서울,https://kr.indeed.com/rc/clk?jk=27b67bb930da2bc3&fccid=933989f3b0ffe928&vjs=3
AI Scientist - Symbolic AI (Natural Language Reasoning)의 전체 세부 정보,마인드에이아이,서울 중구,https://kr.indeed.com/rc/clk?jk=0b293d0804361962&fccid=dd616958bd9ddc12&vjs=3
[해외취업] 한국 거주 IT 개발자 대상 온라인 면접회의 전체 세부 정보,워크포트코리아,서울 신길동,https://kr.indeed.com/rc/clk?jk=7c272b9b884bbebc&fccid=a975738f7658a3e8&vjs=3
비전넥스트 NPU Design의 전체 세부 정보,한화그룹,서울,https://kr.indeed.com/rc/clk?jk=5291155d1075bb4f&fccid=bd0dc1817223394f&vjs=3
Mask Solution Application Engineer의 전체 세부 정보,Synopsys,경기도 성남,https://kr.indeed.com/rc/clk?jk=4007f2f21db56218&fccid=6ce9eba87609c3e9&vjs=3
[EY한영] 감사부문 DSC팀 데이터 컨설턴트 경력직의 전체 세부 정보,EY,서울 영등포구,https://kr.indeed.com/rc/clk?jk=e2bf41c443335da3&fccid=1544766d4c2915b0&vjs=3
[램플코딩학원] 온오프라인 코딩 강사의 전체 세부 정보,밸류에잇 벤처스,대전 서구,https://kr.indeed.com/rc/clk?jk=3415a2ec10f41d98&fccid=11d8b37b858f8313&vjs=3
위시켓과 함께할 서버개발자님의 전체 세부 정보,위시켓,서울 강남구,https://kr.indeed.com/rc/clk?jk=a3a65a4d59061430&fccid=533c91503ff32d48&vjs=3
Machine Learning Ops Engineer의 전체 세부 정보,BOEING,서울,https://kr.indeed.com/rc/clk?jk=799fde4f12bca017&fccid=edae4285faf6c2f0&vjs=3
SPE Applications Engineering의 전체 세부 정보,Rambus,서울,https://kr.indeed.com/rc/clk?jk=9c240cc585a98546&fccid=fb77a1f45623e35e&vjs=3
신입/경력 채용 공고[파생평가사업본부]의 전체 세부 정보,KIS채권평가,서울 여의도,https://kr.indeed.com/rc/clk?jk=18b41816b3ec22fe&fccid=c54b7952dd9d6d70&vjs=3
[경력]빅데이터&웹 개발자 정규직의 전체 세부 정보,씨디에스,강원도 춘천,https://kr.indeed.com/rc/clk?jk=9449619c6e2db4d6&fccid=9f5c9acbd7bbb773&vjs=3
Senior Python Software Engineer의 전체 세부 정보,Canonical - Jobs,서울,https://kr.indeed.com/rc/clk?jk=1154f52c6de0ab20&fccid=3911cf63fc0692f4&vjs=3
AI R&D (Research and Development) Engineer (전문연구요원 가능)의 전체 세부 정보,이마고웍스,서울 강남구,https://kr.indeed.com/rc/clk?jk=56d3950c0672dfe1&fccid=1c5712d7c48c7685&vjs=3
리스크관리팀(리스크퀀트) 경력직의 전체 세부 정보,한화투자증권,서울 영등포구,https://kr.indeed.com/rc/clk?jk=67b26a81461a49ba&fccid=bff52377b04bf569&vjs=3
전장/내비SW 품질[경력]의 전체 세부 정보,현대자동차그룹,서울 강남구,https://kr.indeed.com/rc/clk?jk=3cc6b68d25f16e05&fccid=980d6ecc399a3373&vjs=3
대기업계열 모빌리티 데이터 분석 모델 개발 (신입/경력)의 전체 세부 정보,경연파트너스,서울 용산구,https://kr.indeed.com/rc/clk?jk=fc4ce8e7031b4ab0&fccid=0f76eb1d9acd6c10&vjs=3
NLP Research 분야 수시(3차) 모집의 전체 세부 정보,엔씨소프트,성남 판교역,https://kr.indeed.com/rc/clk?jk=19f7dc2e080b003e&fccid=a1e4e21b1f33cf40&vjs=3
